
INSERT INTO `project` (`projectname`, `trellokey`, `description`, `assignby`, `duedate`, `priority`, `iscomplete`, `type`, `psize`, `trellophoto`) VALUES
('(1) Klarity', '56b175985eaeb240978870f8', '', 'lionelchin', '2015-07-31', 2, 0, 'to be updated', 30, NULL),
('(2) Association of Funeral Directors (AFDS)', '56b175985eaeb24097886f87', 'Project Type: CMS w/ Responsive Design and Members Login module\r\nDesigner:\r\nDeveloper:\r\nURL: \r\nPDC:\r\nClie', 'markconderw', '2015-07-27', 0, 0, 'ecommerce', 20, 'https://trello-attachments.s3.amazonaws.com/56b175975eaeb24097886bbc/56b175985eaeb24097886f87/x/257ed62625fb711f2340ca46de9dab6f/AFD_Logo.ai'),
('(2) My Singapore Food [CMS]', '56b175985eaeb24097886f2a', 'community page \r\n- Only contribute by Singapore Home Cooks (Top 100 recipe out of their current 1000+', 'markconderw', '2015-07-27', 1, 0, 'wordpress', 30, 'https://trello-attachments.s3.amazonaws.com/56b175975eaeb24097886bbc/56b175985eaeb24097886f2a/x/851c1d8f6804f116634b524dd4bac830/Main-Logo.png'),
('(8) MegaPOS [CMS + Responsive] - New Design', '56b175985eaeb24097886e6b', 'Revamp of http://www.megapos.com.sg | Please provide 2 concept drafts to client.', 'kaiwen12', '2015-09-25', 1, 0, 'wordpress', 23, 'https://trello-attachments.s3.amazonaws.com/56b175975eaeb24097886bbc/56b175985eaeb24097886e6b/x/8b89b603b857b7bb6fba0688f66c5efe/megapos_cover.jpg'),
('(?) PurelyAdoption [eCommence]', '56b175985eaeb24097886f27', '', 'peterripplewerkz', '2016-02-22', 2, 0, 'to be updated', 30, NULL),
('1036liveseafood.com [Design only]', '56b175985eaeb24097886fb2', 'Project Type: Design only (pass PSDs to client once completed)\r\nDesigner:\r\nDeveloper:\r\nURL: http://www.', 'markconderw', '2015-04-21', 1, 0, 'wordpress', 33, 'https://trello-attachments.s3.amazonaws.com/56b175975eaeb24097886bbc/56b175985eaeb24097886fb2/x/7cc1efb718adfcd9be23217d5443d279/1036_Live_Seafood.png'),
('Abex Engineering [non-responsive CMS]', '56b175985eaeb24097886f5f', 'Project Type: Revamp + CMS (non-responsive)\r\nDesigner: \r\nDeveloper:\r\nURL: http://ww1.abex-engrg.com/ (c', 'markconderw', '2016-02-22', 1, 0, 'custom', 34, 'https://trello-attachments.s3.amazonaws.com/56b175975eaeb24097886bbc/56b175985eaeb24097886f5f/x/8535033b76aaf8d31d1560f7649414df/Abex_logo.png'),
('Agape Methodist Church (Template + CMS Integration)', '56b175985eaeb24097887005', 'Project Type: Template Design + CMS Integration\r\nTemplate (chosen by client): http://themeforest.net/', 'markconderw', '2016-02-22', 1, 0, 'custom', 30, 'https://trello-attachments.s3.amazonaws.com/56b175975eaeb24097886bbc/56b175985eaeb24097887005/x/b5e3ed17e11074975b6227740f1f1ca2/Agape_Logo.png'),
('All That Jazz [CMS]', '56b175985eaeb24097886efc', 'Project Type: CMS (Responsive Site)\r\nDesigner: Simin\r\nDeveloper:\r\nURL: http://allthatjazz.com.sg (curre', 'markconderw', '2015-08-09', 1, 0, 'wordpress', 36, 'https://trello-attachments.s3.amazonaws.com/56b175975eaeb24097886bbc/56b175985eaeb24097886efc/x/150e3e57a1bd1ef79ba28adc15baf3b7/All_That_Jazz_logo.png'),
('CE Engineering [CMS]', '56b175995eaeb24097887163', '', 'lionelchin', '2016-02-22', 2, 0, 'to be updated', 30, NULL),
('CIMS', '56b175985eaeb24097887126', '', 'lionelchin', '2016-02-22', 2, 0, 'to be updated', 30, NULL),
('Claymore Mall', '56b175985eaeb24097887103', '', 'kaiwen12', '2015-08-06', 2, 0, 'to be updated', 30, NULL),
('Collate Mobile', '56b175985eaeb24097887102', '', 'lionelchin', '2016-02-22', 2, 0, 'to be updated', 30, NULL),
('Concorde Security [CMS + Responsive]', '56b175995eaeb2409788714a', 'Project Type: CMS + Responsive\nDesigner: -\nDeveloper:\nURL: http://concorde.com.sg (current website) \nPDC:\nClient''s Name: Sarah\nClient''s Contact Email: \nClient''s Contact Number:  \n\n---\n\nClient is in the technological integrations business, specifically security and monitoring systems. The website must be able to translate trust, professionalism and sense of security to users. \n\nNote: 2 concept drafts for Home page is required. Refer to the references below\n\nImages link\n\nhttps://drive.google.com/folderview?id=0B8cNZhWAd_ElcDdYVkNkSFM2eFE&usp=sharing', 'markconderw', '2016-02-22', 2, 0, 'to be updated', 30, 'https://trello-attachments.s3.amazonaws.com/56b175975eaeb24097886bbc/56b175995eaeb2409788714a/x/941f10dba35b3eb2410563f6e511b9aa/Concorde_Security_logo.png'),
('Eastern Holiday Singapore', '56b175985eaeb24097886f96', 'contact no. \n6534 6168\n\nHP:91996133', 'peterripplewerkz', '2016-02-22', 2, 0, 'to be updated', 30, 'https://trello-attachments.s3.amazonaws.com/56b175975eaeb24097886bbc/56b175985eaeb24097886f96/x/55e5dea9d83f59e347af44de9b9cae64/Official_Quotation_for_Mrs_Yang1.pdf'),
('ENVI (eComm)', '56b175975eaeb24097886cf4', '', 'markconderw', '2016-02-23', 1, 0, 'ecommerce', 32, 'https://trello-attachments.s3.amazonaws.com/56b175975eaeb24097886bbc/56b175975eaeb24097886cf4/x/5b113e076a997d096253ca1b085a52c7/envi_trello_coverphoto.jpg'),
('Eye Trendy Responsive', '56b175995eaeb240978871ea', '', 'peterripplewerkz', '2016-02-22', 2, 0, 'to be updated', 30, NULL),
('Fashmob (E-Commerce)', '56b175985eaeb24097886f49', 'Project Type: E-Commerce (Revamp) w/ Responsive and Gift Card module\r\nDesigner:\r\nDeveloper:\r\nURL: http:', 'markconderw', '2015-04-03', 1, 0, 'wordpress', 12, 'https://trello-attachments.s3.amazonaws.com/56b175975eaeb24097886bbc/56b175985eaeb24097886f49/x/70ebd29adef3cee110243a35efc179f9/FASHMOB_Logo.png'),
('Fevrier Designs', '56b175985eaeb24097887101', '', 'kaiwen12', '2016-02-22', 2, 0, 'to be updated', 30, NULL),
('Fevrier Designs [Add ons]', '56b175985eaeb2409788710d', 'Website: http://www.fevrierdesigns.com\nPDC: https://docs.google.com/spreadsheets/d/1x5o2IVUzVxhjddsH7wcwlpS6LyV_dLS0azC3J4oaGlQ/edit?usp=drive_web', 'kaiwen12', '2016-02-22', 2, 0, 'to be updated', 30, 'https://trello-attachments.s3.amazonaws.com/56b175975eaeb24097886bbc/56b175985eaeb2409788710d/x/45a399b5b9c0e55b389707ba75ebbf99/change1.jpg'),
('First Energy [CMS]', '56b175975eaeb24097886ce0', 'Integration Document: https://docs.google.com/document/d/1nex1rKS4g6QLf19BdepETUvZUG34MI2Mc1n6o5n5xU', 'markconderw', '2014-10-24', 1, 0, 'ecommerce', 17, 'https://trello-attachments.s3.amazonaws.com/56b175975eaeb24097886bbc/56b175975eaeb24097886ce0/x/8b6a0149eed2a9a8e2ad9c407728f812/First_Energy_Project_Brief.pdf'),
('Flave - Vanitytriad [E-Commerce]', '56b175985eaeb24097886d08', 'Project Type: E-Commerce\r\nDesigner:\r\nDeveloper:\r\nURL: \r\nPDC:\r\nClient', 'markconderw', '2015-08-05', 0, 0, 'wordpress', 17, 'https://trello-attachments.s3.amazonaws.com/56b175975eaeb24097886bbc/56b175985eaeb24097886d08/x/95d0f1c50f0c80297e6ae0d8a1095d97/Shau_Fun_(Project_Brief).pdf'),
('Full Black Heels [E-Commerce]', '56b175975eaeb24097886c6b', '', 'markconderw', '2016-02-23', 1, 0, 'ecommerce', 32, 'https://trello-attachments.s3.amazonaws.com/56b175975eaeb24097886bbc/56b175975eaeb24097886c6b/x/6d1b700e4dd9f97d8137c275ab8002ca/Project_Brief.pdf'),
('Gadgets Glossary', '56b175985eaeb24097886e12', '', 'markconderw', '2015-08-31', 2, 0, 'to be updated', 30, 'https://trello-attachments.s3.amazonaws.com/56b175975eaeb24097886bbc/56b175985eaeb24097886e12/x/1aa0de50bfc2cb48e0da46504cf8eaca/gadgetsglossary29juneforbossdebe_(2).docx'),
('GAT [CMS + Responsive]', '56b175985eaeb24097886e6e', 'Project Type: CMS + Responsive\r\nDesigner: -\r\nDeveloper:\r\nURL: -\r\nPDC:\r\nClient', 'markconderw', '2016-02-23', 0, 0, 'wordpress', 23, 'https://trello-attachments.s3.amazonaws.com/56b175975eaeb24097886bbc/56b175985eaeb24097886e6e/x/7bf74d24cbbe8ba16f3c31d71e185dd9/Google_Map_example_(pin_w__details).png'),
('Grapevine (Custom + Responsive + Logo)', '56b175985eaeb24097886dec', 'Project Type: Custom + Responsive + Logo\nDesigner: Sandy\nDeveloper:\nURL:\nPDC:\nClient''s Name: Jian Rong\nClient''s Contact Email: \nClient''s Contact Number: 9296 3735', 'markconderw', '2016-02-22', 2, 0, 'to be updated', 30, 'https://trello-attachments.s3.amazonaws.com/56b175975eaeb24097886bbc/56b175985eaeb24097886dec/x/0328c4d54805e59d2188a85b3f336c3f/Timeline_for_LNF_Services_(V2).pdf'),
('Great Skin FX', '56b175985eaeb240978870f7', '', 'lionelchin', '2016-02-22', 2, 0, 'to be updated', 30, NULL),
('Green Waste Recycling [CMS + Responsive]', '56b175995eaeb24097887187', 'Project Type: CMS + Responsive \r\nDesigner: -\r\nDeveloper:\r\nURL: \r\nPDC:\r\nClient', 'markconderw', '2016-02-23', 0, 0, 'wordpress', 23, 'https://trello-attachments.s3.amazonaws.com/56b175975eaeb24097886bbc/56b175995eaeb24097887187/x/30576844c363e636e64526320d603877/Logos_PSDs.zip'),
('HafBox', '56b175985eaeb24097886fdb', 'Eugenia Yeo (Mrs) |\r\nHaf Box Pte Ltd\r\nT +65 6235 4560 | M +65 9627 8079\r\n\r\nurl: http://inspiramedia.com/', 'markconderw', '2015-08-27', 0, 0, 'wordpress', 43, 'https://trello-attachments.s3.amazonaws.com/56b175975eaeb24097886bbc/56b175985eaeb24097886fdb/x/5a49f632f985f42e5933bffef5c57d14/store_logo.png'),
('Innovez One [CMS + Responsive]', '56b175995eaeb24097887170', 'Project Type: CMS + Responsive\r\nDesigner: -\r\nDeveloper:\r\nURL: http://innovez-one.com (current website) ', 'markconderw', '2016-02-23', 0, 0, 'wordpress', 20, 'https://trello-attachments.s3.amazonaws.com/56b175975eaeb24097886bbc/56b175995eaeb24097887170/x/77e831e4343e094872a0c29356c50231/innovez_logo.png'),
('Jemsa Multistore', '56b175985eaeb240978870fd', '', 'lionelchin', '2016-02-22', 2, 0, 'to be updated', 30, NULL),
('JMT Leather [CMS]', '56b175975eaeb24097886c58', 'Website revamp: http://www.jmtleather.com/en/\r\nTarget Audience: Architects/Interior Designers\r\n\r\n------', 'markconderw', '2016-02-22', 1, 0, 'wordpress', 20, 'https://trello-attachments.s3.amazonaws.com/56b175975eaeb24097886bbc/56b175975eaeb24097886c58/x/a2177219e40ebfcdf91a2b2dce1e9e7b/JMT_Logo.png'),
('Jurlesquez (eComm)', '56b175985eaeb24097886d42', '__Note:__ Choi Yee will be helping to manage this as they might just want to meet up.\r\n\r\nteoalicia827@', 'markconderw', '2016-02-22', 0, 0, 'wordpress', 200, 'https://trello-attachments.s3.amazonaws.com/56b175975eaeb24097886bbc/56b175985eaeb24097886d42/x/77d851b1d2d7e8842894f53fd08751fa/jurlesquesz_trello_coverphoto.jpg'),
('Kajima Overseas Asia (CMS)', '56b175975eaeb24097886bf5', 'To help you better understand the flowchart:\n\n- Blue represents what we are currently working on (which is now put on-hold because of the new website structure)\n- Grey highlights the connecting sites (which we refer to as a multi-site installation)\n- Orange highlights the individual CMS system setup for Construction, Development and Design sections\n- Green highlights shared control for Project Gallery (for Construction site)\n- Yellow highlights shared control for Project Gallery (for Development site)\n- Purple highlights separate CMS control for the respective Admin for HR and News\n', 'markconderw', '2016-02-22', 2, 0, 'to be updated', 30, 'https://trello-attachments.s3.amazonaws.com/56b175975eaeb24097886bbc/56b175975eaeb24097886bf5/x/baf23fa4575cf6a8e3afad09d202296c/kajima_trello_coverphoto.jpg'),
('Kantar Media (DTAM) [CMS + Responsive]', '56b175985eaeb24097886ed9', 'Project Type: CMS + Responsive + Custom Plugin\nDesigner: -\nDeveloper: -\nURL: -\nPDC: -\nClient''s Name: Darick Loo / Steven Lau \nClient''s Contact Email: Darick.loo@kantarmedia.com / Steven.lau@kantarmedia.com\nClient''s Contact Number:  6634 6310 / 9745 1058\n\n67 Ubi Avenue 1\n06-04 StarHub Green\nSingapore 408942\n\n---\n\n2nd draft by 14 July 2015 ( Before noon ) \nThurs (Friday - Before Noon) - HTML \n\n\nSliced version: \nhttp://inspiramedia.com/anthony/dynamic_tam/\nhttp://inspiramedia.com/anthony/dynamic_tam/about_us.html\nhttp://inspiramedia.com/anthony/dynamic_tam/faq.html\nhttp://inspiramedia.com/anthony/dynamic_tam/coming_soon.html\nhttp://inspiramedia.com/anthony/dynamic_tam/toturials.html\n\n\nGoogle Drive : \nhttps://drive.google.com/folderview?id=0B6fia60qRAkwblVNWUVXVkpGLUU&usp=sharing\n\nsite : http://www.dtammalaysia.com/\n\n\nMailchimp: Please login with the following credentials:\nUsername: dtamsupport\nPassword: Jycp4@kantar', 'peterripplewerkz', '2015-07-27', 2, 0, 'to be updated', 30, 'https://trello-attachments.s3.amazonaws.com/56b175975eaeb24097886bbc/56b175985eaeb24097886ed9/x/857835593531de4781d3f17bda80c41a/DTAM_V3_Light_Mockups.zip'),
('KHG Collections', '56b175985eaeb24097886d8b', '', 'markconderw', '2016-02-23', 1, 0, 'wordpress', 12, NULL),
('LBK', '56b175985eaeb24097886dc7', 'Mobile development is on hold to prioritise fixing the issues in the issue list\n\nIssue List:  [Click here](https://docs.google.com/spreadsheets/d/1njoHa_MxU-M0KQrR9BK1fKHY6pvAkXGWbxArBSuEt7s/edit#gid=0)\n\nPDC: [Click here](https://docs.google.com/spreadsheet/ccc?key=0AkIGnNSUYxyndFB5QnJoVWR3MGoyeWV2WXhIMjVoOHc&usp=sharing)', 'markconderw', '2016-02-22', 2, 0, 'to be updated', 30, NULL),
('Maven [CMS Integration]', '56b175985eaeb24097886fc3', 'CMS integration only. Designs will be provided by the client in PSD format. Please note that there i', 'markconderw', '2015-03-31', 0, 0, 'custom', 30, 'https://trello-attachments.s3.amazonaws.com/56b175975eaeb24097886bbc/56b175985eaeb24097886fc3/x/2090eb8009a3599b143773826650480b/Maven_Project_Brief.pdf'),
('MINERVA - INTRA', '56b175985eaeb24097886ec0', '+656848 5155\r\n\r\nHp: \r\n98636095\r\n\r\nResponsive website\r\n\r\n2 Mockup for Homepage\r\n\r\nallow print page \r\n\r\nSEO frien', 'markconderw', '2015-09-23', 0, 0, 'ecommerce', 17, 'https://trello-attachments.s3.amazonaws.com/56b175975eaeb24097886bbc/56b175985eaeb24097886ec0/x/02eda8e2d6d77874316415d33f7c28c3/logo.png'),
('Mothership Can or Not', '56b175985eaeb240978870ff', '', 'lionelchin', '2015-07-17', 2, 0, 'to be updated', 30, NULL),
('Mothership Mobile App', '56b175985eaeb240978870f6', '', 'kaiwen12', '2016-02-22', 2, 0, 'to be updated', 30, NULL),
('My Drum School - Responsive', '56b175985eaeb24097886e7b', 'Site Test Account: Lionel / R1ppl3!!', 'kaiwen12', '2016-02-22', 1, 0, 'wordpress', 21, 'https://trello-attachments.s3.amazonaws.com/56b175975eaeb24097886bbc/56b175985eaeb24097886e7b/x/64be301dbd31da73393687e0c8768a6a/mds-logo.png'),
('Nachuraru [E-Commerce + CMS + Responsive]', '56b175985eaeb24097886e81', 'Project Type: E-Commerce + CMS (Responsive Site)\r\nDesigner: Simin\r\nDeveloper:\r\nURL: \r\nPDC:\r\nClient', 'markconderw', '2015-08-04', 0, 0, 'ecommerce', 21, 'https://trello-attachments.s3.amazonaws.com/56b175975eaeb24097886bbc/56b175985eaeb24097886e81/x/3b68df07ed6689502e7e5d9e73d7c05f/Nachuraru_Project_Brief.pdf'),
('Prof Xiong Jie', '56c6e73f9eca51e2b573cd96', '', 'kaiwen12', '2016-02-22', 2, 0, 'to be updated', 30, 'https://trello-attachments.s3.amazonaws.com/56c6e73f9eca51e2b573cd96/960x608/363a3e55ccec5e1a599d14499f5fa805/upload_22_2_2016_at_02_15_38.png'),
('Purely Adoption [CMS]', '56b175985eaeb24097886f1e', 'http://www.spca.org.sg/\r\n\r\nTemplate : http://www.templatemonster.com/demo/52176.html\r\n\r\nhttps://www.drop', 'markconderw', '2015-09-25', 1, 0, 'wordpress', 23, 'https://trello-attachments.s3.amazonaws.com/56b175975eaeb24097886bbc/56b175985eaeb24097886f1e/x/66f9811934f5a39085c3f26db114d813/logo.jpg'),
('Renaissance Design Group [CMS]', '56b175975eaeb24097886c5d', 'Revamp http://www.renaidesigngroup.com\r\n\r\n*\r\n\r\n Looking to launch by 3rd week of April. ', 'markconderw', '2016-02-22', 0, 0, 'wordpress', 30, 'https://trello-attachments.s3.amazonaws.com/56b175975eaeb24097886bbc/56b175975eaeb24097886c5d/x/600d159696c1b23162544e1521e79357/Renaissance_Logo.png'),
('Robert Yam & Co [Logo Tracing + CMS + Responsive]', '56b175995eaeb24097887159', 'Project Type: CMS + Responsive\r\nDesigner: -\r\nDeveloper:\r\nURL: http://robertyamco.com.sg (current websit', 'kaiwen12', '2016-02-23', 1, 0, 'wordpress', 12, 'https://trello-attachments.s3.amazonaws.com/56b175975eaeb24097886bbc/56b175995eaeb24097887159/x/db895a2f165cc10ab5c71f0d16bde1b8/Robert_Yam__26_Co_logo.png'),
('SeaCAD [Responsive + CMS + Event Espresso (Training Courses) + E-Commerce]', '56b175995eaeb24097887164', 'Project Type: CMS + Responsive + Event Espresso + E-Commerce\r\nDesigner: -\r\nDeveloper:\r\nURL: http://www.', 'markconderw', '2016-02-23', 1, 0, 'ecommerce', 20, 'https://trello-attachments.s3.amazonaws.com/56b175975eaeb24097886bbc/56b175995eaeb24097887164/x/ea4aa5b60107c0d73fbd25e7a0e3a44b/SEACAD_-_Logo_-_TransparentBg_-_RGB_-_Big.png'),
('Sgwinecellar', '56b175995eaeb24097887138', '', 'markconderw', '2015-09-03', 0, 0, 'wordpress', 23, 'https://trello-attachments.s3.amazonaws.com/56b175975eaeb24097886bbc/56b175995eaeb24097887138/x/f80f69ac7d26c111f02ef50d76c1c4ec/upload_11_25_2015_at_11_38_07_AM.png'),
('TEST CRON JOB w/o date', '56c6d026c0a8869d54d806c9', '', 'kaiwen12', '2016-02-25', 1, 0, 'wordpress', 32, 'https://trello-attachments.s3.amazonaws.com/56c6d026c0a8869d54d806c9/246x192/3f47837ff9f35626ed21c312d619473b/upload_21_2_2016_at_22_22_40.png'),
('The Rad Label [E-commerce + Responsive]', '56b175995eaeb2409788717c', 'Project Type: E-Commerce/Responsive\n\nDesigner: Name and @trelloid\n\nDeveloper: Pukpik and Chawin\n\nURL: <If there is a current website, then the url>\n\nPDC: <If there is a PDC created, if not, then PM will create one>\n\nClient''s Name: <Adeline/Ruth>\n\nClient''s Contact Email: <ayla2004@singnet.com.sg/ruthleongnc@gmail.com>\n\nClient''s Contact Number: < 6341 7339/ 82999700>', 'markconderw', '2016-02-22', 2, 0, 'to be updated', 30, 'https://www.dropbox.com/s/i4w9a85dili46rz/homepage-popupicon.psd?dl=0'),
('Unseason', '56b175995eaeb24097887136', '', 'kaiwen12', '2016-02-22', 2, 0, 'to be updated', 30, NULL),
('Vlosophy (eComm)', '56b175975eaeb24097886c26', '', 'markconderw', '2016-02-22', 0, 0, 'custom', 50, 'https://trello-attachments.s3.amazonaws.com/56b175975eaeb24097886bbc/56b175975eaeb24097886c26/x/d51f278b4edb269c868b24e903a0b5ca/vlsophy_trello_coverphoto.jpg'),
('WORKFLOW PRESENTATION 1', '56cac095e38b501bbdda0053', '', 'kaiwen12', '2016-02-22', 2, 0, 'to be updated', 30, 'https://trello-attachments.s3.amazonaws.com/56cac095e38b501bbdda0053/300x300/2fdd16f158eb2d4b7f1d3c9b984dca5a/upload_22_2_2016_at_16_05_52.png'),
('WSTAR', '56b175985eaeb24097886ee4', 'These are the website we send client for sample and they like them:\r\n\r\nhttp://sgwinecellar.com/\r\nhttp:/', 'markconderw', '2016-02-23', 1, 0, 'wordpress', 14, 'https://trello-attachments.s3.amazonaws.com/56b175975eaeb24097886bbc/56b175985eaeb24097886ee4/x/a36cda414897073dec83d70a9ba958b5/upload_2015-05-12_at_10.18.53_am.png'),
('[Kayamila]', '56b175995eaeb24097887192', '', 'markconderw', '2016-02-23', 0, 0, 'custom', 23, 'https://trello-attachments.s3.amazonaws.com/56b175975eaeb24097886bbc/56b175995eaeb24097887192/x/0a34320f00d1e6c19a4a2c5a1856ff8d/FY1862_WEBSITE_Look_and_Feel.jpg');

    
INSERT INTO `projectallocation` (`projectname`, `developerusername`, `dateallocated`, `planstart`, `planend`, `actualstart`, `actualend`, `iscomplete`) VALUES
('(2) Association of Funeral Directors (AFDS)', 'debe2', '2016-02-22 15:55:48', '2016-03-07', '2016-04-04', '2016-03-07', NULL, 0),
('(2) My Singapore Food [CMS]', 'bahri_ripplewerkz', '2016-02-22 15:57:45', '2016-03-24', '2016-05-05', '2016-03-24', NULL, 0),
('1036liveseafood.com [Design only]', 'zripplewerkz', '2016-02-22 15:58:48', '2016-05-13', '2016-06-28', '2016-05-13', NULL, 0),
('Abex Engineering [non-responsive CMS]', 'lesterjester', '2016-02-22 15:59:52', '2016-03-17', '2016-05-03', '2016-03-17', NULL, 0),
('Agape Methodist Church (Template + CMS Integration)', 'marsd', '2016-02-22 15:56:29', '2016-03-09', '2016-04-20', '2016-03-09', NULL, 0),
('All That Jazz [CMS]', 'pukpik', '2016-02-22 16:05:28', '2016-05-19', '2016-07-08', '2016-05-19', NULL, 0),
('ENVI (eComm)', 'debe2', '2016-02-22 16:18:51', '2016-06-13', '2016-07-27', '2016-06-13', NULL, 0),
('Fashmob (E-Commerce)', 'pukpik', '2016-02-22 16:06:16', '2016-05-19', '2016-06-04', '2016-05-19', NULL, 0),
('First Energy [CMS]', 'debe2', '2016-02-22 16:22:43', '2016-06-13', '2016-07-06', '2016-06-13', NULL, 0),
('Flave - Vanitytriad [E-Commerce]', 'zripplewerkz', '2016-02-22 15:54:13', '2016-03-03', '2016-03-26', '2016-03-03', NULL, 0),
('Full Black Heels [E-Commerce]', 'debe2', '2016-02-22 16:14:50', '2016-04-29', '2016-06-12', '2016-04-29', NULL, 0),
('Full Black Heels [E-Commerce]', 'debe2', '2016-02-22 16:17:17', '2016-04-29', '2016-06-12', '2016-04-29', NULL, 0),
('GAT [CMS + Responsive]', 'roy1', '2016-02-22 16:39:53', '2016-05-06', '2016-06-07', '2016-05-06', NULL, 0),
('Green Waste Recycling [CMS + Responsive]', 'bahri_ripplewerkz', '2016-02-22 16:35:37', '2016-05-06', '2016-06-07', '2016-05-06', NULL, 0),
('Green Waste Recycling [CMS + Responsive]', 'sirachon', '2016-02-22 16:35:49', '2016-05-05', '2016-06-06', '2016-05-05', NULL, 0),
('HafBox', 'pukpik', '2016-02-22 16:00:42', '2016-03-19', '2016-05-18', '2016-03-19', NULL, 0),
('Innovez One [CMS + Responsive]', 'vandavedecio', '2016-02-22 16:34:01', '2016-05-05', '2016-06-02', '2016-05-05', NULL, 0),
('JMT Leather [CMS]', 'vandavedecio', '2016-02-22 15:54:57', '2016-04-01', '2016-04-29', '2016-04-01', NULL, 0),
('Jurlesquez (eComm)', 'alexadayandayan', '2016-02-22 15:50:39', '2016-02-25', '2016-12-01', '2016-02-25', NULL, 0),
('KHG Collections', 'marsd', '2016-02-22 16:20:48', '2016-04-21', '2016-05-07', '2016-04-21', NULL, 0),
('Maven [CMS Integration]', 'marsd', '2016-02-22 16:04:38', '2016-04-21', '2016-06-02', '2016-04-21', NULL, 0),
('MINERVA - INTRA', 'debe2', '2016-02-22 16:03:23', '2016-04-05', '2016-04-28', '2016-04-05', NULL, 0),
('My Drum School - Responsive', 'bahri_ripplewerkz', '2016-02-22 15:42:29', '2016-02-23', '2016-03-23', '2016-02-23', NULL, 0),
('Nachuraru [E-Commerce + CMS + Responsive]', 'roy1', '2016-02-22 16:01:25', '2016-03-21', '2016-04-19', '2016-03-21', NULL, 0),
('Nachuraru [E-Commerce + CMS + Responsive]', 'roy1', '2016-02-22 16:01:48', '2016-03-21', '2016-04-19', '2016-03-21', NULL, 0),
('Purely Adoption [CMS]', 'benjo12', '2016-02-22 16:14:19', '2016-04-16', '2016-05-18', '2016-04-16', NULL, 0),
('Renaissance Design Group [CMS]', 'zripplewerkz', '2016-02-22 15:53:15', '2016-03-31', '2016-05-12', '2016-03-31', NULL, 0),
('Robert Yam & Co [Logo Tracing + CMS + Responsive]', 'lesterjester', '2016-02-22 16:31:46', '2016-05-04', '2016-05-20', '2016-05-04', NULL, 0),
('SeaCAD [Responsive + CMS + Event Espresso (Training Courses) + E-Commerce]', 'zripplewerkz', '2016-02-22 16:41:03', '2016-07-07', '2016-08-04', '2016-07-07', NULL, 0),
('Sgwinecellar', 'chaisiri1', '2016-02-22 16:11:03', '2016-04-07', '2016-05-09', '2016-04-07', NULL, 0),
('Sgwinecellar', 'pukpik', '2016-02-22 16:13:06', '2016-05-19', '2016-06-16', '2016-05-19', NULL, 0),
('TEST CRON JOB w/o date', 'roy1', '2016-02-22 16:51:40', '2016-06-08', '2016-07-22', '2016-06-08', NULL, 0),
('Vlosophy (eComm)', 'ballalist', '2016-02-22 15:52:15', '2016-02-29', '2016-05-09', '2016-02-29', NULL, 0),
('WSTAR', 'pukpik', '2016-02-22 16:02:41', '2016-05-19', '2016-06-07', '2016-05-19', NULL, 0),
('[Kayamila]', 'lesterjester', '2016-02-22 16:38:51', '2016-05-21', '2016-06-22', '2016-05-21', NULL, 0);


INSERT INTO `recommendationlog` (`id`, `generated`, `selected`, `projectname`, `choice`, `updated`) VALUES
(2, '[[{"username":"bahri_ripplewerkz","nationality":"Indonesia","currentprojectcount":0,"earlieststart":"Feb 23, 2016","estimateworkingday":21,"estimateday":29,"scheduleperformance":1.0,"estimatecompletion":"Mar 23, 2016","idealcompletion":"Mar 23, 2016","defectlessfactor":0.0,"schedulefactor":0.0,"avgdefectperproject":0.0,"experiencefactor":0.0,"projectexperiencecount":0,"zainessscore":0.0,"sorting":1}],[{"username":"marsd","nationality":"Singapore","currentprojectcount":0,"earlieststart":"Feb 23, 2016","estimateworkingday":21,"estimateday":29,"scheduleperformance":1.0,"estimatecompletion":"Mar 23, 2016","idealcompletion":"Mar 23, 2016","defectlessfactor":0.0,"schedulefactor":0.0,"avgdefectperproject":0.0,"experiencefactor":0.0,"projectexperiencecount":0,"zainessscore":0.0,"sorting":1}],[{"username":"ballalist","nationality":"Thailand","currentprojectcount":0,"earlieststart":"Feb 23, 2016","estimateworkingday":21,"estimateday":29,"scheduleperformance":1.0,"estimatecompletion":"Mar 23, 2016","idealcompletion":"Mar 23, 2016","defectlessfactor":0.0,"schedulefactor":0.0,"avgdefectperproject":0.0,"experiencefactor":0.0,"projectexperiencecount":0,"zainessscore":0.0,"sorting":1}]]', '[{"username":"marsd","nationality":"Singapore","currentprojectcount":0,"earlieststart":"Feb 23, 2016","estimateworkingday":21,"estimateday":29,"scheduleperformance":1.0,"estimatecompletion":"Mar 23, 2016","idealcompletion":"Mar 23, 2016","defectlessfactor":0.0,"schedulefactor":0.0,"avgdefectperproject":0.0,"experiencefactor":0.0,"projectexperiencecount":0,"zainessscore":0.0,"sorting":1}]', 'My Drum School - Responsive', 1, '2016-02-22 15:42:30'),
(5, '[[{"username":"alexadayandayan","nationality":"Philippines","currentprojectcount":0,"earlieststart":"Feb 25, 2016","estimateworkingday":200,"estimateday":280,"scheduleperformance":1.0,"estimatecompletion":"Dec 1, 2016","idealcompletion":"Dec 1, 2016","defectlessfactor":0.0,"schedulefactor":0.0,"avgdefectperproject":0.0,"experiencefactor":0.0,"projectexperiencecount":0,"zainessscore":0.0,"sorting":0}],[{"username":"zripplewerkz","nationality":"Philippines","currentprojectcount":0,"earlieststart":"Feb 25, 2016","estimateworkingday":200,"estimateday":280,"scheduleperformance":1.0,"estimatecompletion":"Dec 1, 2016","idealcompletion":"Dec 1, 2016","defectlessfactor":0.0,"schedulefactor":0.0,"avgdefectperproject":0.0,"experiencefactor":0.0,"projectexperiencecount":0,"zainessscore":0.0,"sorting":0}],[{"username":"lesterjester","nationality":"Philippines","currentprojectcount":0,"earlieststart":"Feb 25, 2016","estimateworkingday":200,"estimateday":280,"scheduleperformance":1.0,"estimatecompletion":"Dec 1, 2016","idealcompletion":"Dec 1, 2016","defectlessfactor":0.0,"schedulefactor":0.0,"avgdefectperproject":0.0,"experiencefactor":0.0,"projectexperiencecount":0,"zainessscore":0.0,"sorting":0}]]', '[{"username":"zripplewerkz","nationality":"Philippines","currentprojectcount":0,"earlieststart":"Feb 25, 2016","estimateworkingday":200,"estimateday":280,"scheduleperformance":1.0,"estimatecompletion":"Dec 1, 2016","idealcompletion":"Dec 1, 2016","defectlessfactor":0.0,"schedulefactor":0.0,"avgdefectperproject":0.0,"experiencefactor":0.0,"projectexperiencecount":0,"zainessscore":0.0,"sorting":0}]', 'Jurlesquez (eComm)', 1, '2016-02-22 15:50:39'),
(6, '[[{"username":"ballalist","nationality":"Thailand","currentprojectcount":0,"earlieststart":"Feb 29, 2016","estimateworkingday":50,"estimateday":70,"scheduleperformance":1.0,"estimatecompletion":"May 9, 2016","idealcompletion":"May 9, 2016","defectlessfactor":0.0,"schedulefactor":0.0,"avgdefectperproject":0.0,"experiencefactor":0.0,"projectexperiencecount":0,"zainessscore":0.0,"sorting":0}],[{"username":"lesterjester","nationality":"Philippines","currentprojectcount":0,"earlieststart":"Feb 29, 2016","estimateworkingday":50,"estimateday":70,"scheduleperformance":1.0,"estimatecompletion":"May 9, 2016","idealcompletion":"May 9, 2016","defectlessfactor":0.0,"schedulefactor":0.0,"avgdefectperproject":0.0,"experiencefactor":0.0,"projectexperiencecount":0,"zainessscore":0.0,"sorting":0}],[{"username":"marsd","nationality":"Singapore","currentprojectcount":0,"earlieststart":"Feb 29, 2016","estimateworkingday":50,"estimateday":70,"scheduleperformance":1.0,"estimatecompletion":"May 9, 2016","idealcompletion":"May 9, 2016","defectlessfactor":0.0,"schedulefactor":0.0,"avgdefectperproject":0.0,"experiencefactor":0.0,"projectexperiencecount":0,"zainessscore":0.0,"sorting":0}]]', '[{"username":"lesterjester","nationality":"Philippines","currentprojectcount":0,"earlieststart":"Feb 29, 2016","estimateworkingday":50,"estimateday":70,"scheduleperformance":1.0,"estimatecompletion":"May 9, 2016","idealcompletion":"May 9, 2016","defectlessfactor":0.0,"schedulefactor":0.0,"avgdefectperproject":0.0,"experiencefactor":0.0,"projectexperiencecount":0,"zainessscore":0.0,"sorting":0}]', 'Vlosophy (eComm)', 1, '2016-02-22 15:52:16'),
(7, '[[{"username":"zripplewerkz","nationality":"Philippines","currentprojectcount":0,"earlieststart":"Mar 31, 2016","estimateworkingday":30,"estimateday":42,"scheduleperformance":1.0,"estimatecompletion":"May 12, 2016","idealcompletion":"May 12, 2016","defectlessfactor":0.0,"schedulefactor":0.0,"avgdefectperproject":0.0,"experiencefactor":0.0,"projectexperiencecount":0,"zainessscore":0.0,"sorting":0}],[{"username":"lesterjester","nationality":"Philippines","currentprojectcount":0,"earlieststart":"Mar 31, 2016","estimateworkingday":30,"estimateday":42,"scheduleperformance":1.0,"estimatecompletion":"May 12, 2016","idealcompletion":"May 12, 2016","defectlessfactor":0.0,"schedulefactor":0.0,"avgdefectperproject":0.0,"experiencefactor":0.0,"projectexperiencecount":0,"zainessscore":0.0,"sorting":0}],[{"username":"bahri_ripplewerkz","nationality":"Indonesia","currentprojectcount":0,"earlieststart":"Mar 31, 2016","estimateworkingday":30,"estimateday":42,"scheduleperformance":1.0,"estimatecompletion":"May 12, 2016","idealcompletion":"May 12, 2016","defectlessfactor":0.0,"schedulefactor":0.0,"avgdefectperproject":0.0,"experiencefactor":0.0,"projectexperiencecount":0,"zainessscore":0.0,"sorting":0}]]', '[{"username":"lesterjester","nationality":"Philippines","currentprojectcount":0,"earlieststart":"Mar 31, 2016","estimateworkingday":30,"estimateday":42,"scheduleperformance":1.0,"estimatecompletion":"May 12, 2016","idealcompletion":"May 12, 2016","defectlessfactor":0.0,"schedulefactor":0.0,"avgdefectperproject":0.0,"experiencefactor":0.0,"projectexperiencecount":0,"zainessscore":0.0,"sorting":0}]', 'Renaissance Design Group [CMS]', 1, '2016-02-22 15:53:16'),
(8, '[[{"username":"zripplewerkz","nationality":"Philippines","currentprojectcount":0,"earlieststart":"Mar 3, 2016","estimateworkingday":17,"estimateday":23,"scheduleperformance":1.0,"estimatecompletion":"Mar 26, 2016","idealcompletion":"Mar 26, 2016","defectlessfactor":0.0,"schedulefactor":0.0,"avgdefectperproject":0.0,"experiencefactor":0.0,"projectexperiencecount":0,"zainessscore":0.0,"sorting":0}],[{"username":"lesterjester","nationality":"Philippines","currentprojectcount":0,"earlieststart":"Mar 3, 2016","estimateworkingday":17,"estimateday":23,"scheduleperformance":1.0,"estimatecompletion":"Mar 26, 2016","idealcompletion":"Mar 26, 2016","defectlessfactor":0.0,"schedulefactor":0.0,"avgdefectperproject":0.0,"experiencefactor":0.0,"projectexperiencecount":0,"zainessscore":0.0,"sorting":0}],[{"username":"marsd","nationality":"Singapore","currentprojectcount":0,"earlieststart":"Mar 3, 2016","estimateworkingday":17,"estimateday":23,"scheduleperformance":1.0,"estimatecompletion":"Mar 26, 2016","idealcompletion":"Mar 26, 2016","defectlessfactor":0.0,"schedulefactor":0.0,"avgdefectperproject":0.0,"experiencefactor":0.0,"projectexperiencecount":0,"zainessscore":0.0,"sorting":0}]]', '[{"username":"lesterjester","nationality":"Philippines","currentprojectcount":0,"earlieststart":"Mar 3, 2016","estimateworkingday":17,"estimateday":23,"scheduleperformance":1.0,"estimatecompletion":"Mar 26, 2016","idealcompletion":"Mar 26, 2016","defectlessfactor":0.0,"schedulefactor":0.0,"avgdefectperproject":0.0,"experiencefactor":0.0,"projectexperiencecount":0,"zainessscore":0.0,"sorting":0}]', 'Flave - Vanitytriad [E-Commerce]', 1, '2016-02-22 15:54:13'),
(9, '[[{"username":"vandavedecio","nationality":"Philippines","currentprojectcount":1,"earlieststart":"Apr 1, 2016","estimateworkingday":20,"estimateday":28,"scheduleperformance":1.0,"estimatecompletion":"Apr 29, 2016","idealcompletion":"Apr 29, 2016","defectlessfactor":0.0,"schedulefactor":0.0,"avgdefectperproject":0.0,"experiencefactor":0.0,"projectexperiencecount":0,"zainessscore":0.0,"sorting":1}],[{"username":"john_pajarillo","nationality":"Philippines","currentprojectcount":1,"earlieststart":"May 6, 2016","estimateworkingday":20,"estimateday":28,"scheduleperformance":1.0,"estimatecompletion":"Jun 3, 2016","idealcompletion":"Jun 3, 2016","defectlessfactor":0.0,"schedulefactor":0.0,"avgdefectperproject":0.0,"experiencefactor":0.0,"projectexperiencecount":0,"zainessscore":0.0,"sorting":1}],[{"username":"zripplewerkz","nationality":"Philippines","currentprojectcount":1,"earlieststart":"Mar 27, 2016","estimateworkingday":20,"estimateday":28,"scheduleperformance":1.0,"estimatecompletion":"Apr 24, 2016","idealcompletion":"Apr 24, 2016","defectlessfactor":0.0,"schedulefactor":0.0,"avgdefectperproject":0.0,"experiencefactor":0.0,"projectexperiencecount":0,"zainessscore":0.0,"sorting":1}]]', '[{"username":"john_pajarillo","nationality":"Philippines","currentprojectcount":1,"earlieststart":"May 6, 2016","estimateworkingday":20,"estimateday":28,"scheduleperformance":1.0,"estimatecompletion":"Jun 3, 2016","idealcompletion":"Jun 3, 2016","defectlessfactor":0.0,"schedulefactor":0.0,"avgdefectperproject":0.0,"experiencefactor":0.0,"projectexperiencecount":0,"zainessscore":0.0,"sorting":1}]', 'JMT Leather [CMS]', 1, '2016-02-22 15:54:57'),
(10, '[[{"username":"debe2","nationality":"Indonesia","currentprojectcount":0,"earlieststart":"Mar 7, 2016","estimateworkingday":20,"estimateday":28,"scheduleperformance":1.0,"estimatecompletion":"Apr 4, 2016","idealcompletion":"Apr 4, 2016","defectlessfactor":0.0,"schedulefactor":0.0,"avgdefectperproject":0.0,"experiencefactor":0.0,"projectexperiencecount":0,"zainessscore":0.0,"sorting":0}],[{"username":"roy1","nationality":"Singapore","currentprojectcount":0,"earlieststart":"Mar 7, 2016","estimateworkingday":20,"estimateday":28,"scheduleperformance":1.0,"estimatecompletion":"Apr 4, 2016","idealcompletion":"Apr 4, 2016","defectlessfactor":0.0,"schedulefactor":0.0,"avgdefectperproject":0.0,"experiencefactor":0.0,"projectexperiencecount":0,"zainessscore":0.0,"sorting":0}],[{"username":"zripplewerkz","nationality":"Philippines","currentprojectcount":1,"earlieststart":"Mar 27, 2016","estimateworkingday":20,"estimateday":28,"scheduleperformance":1.0,"estimatecompletion":"Apr 24, 2016","idealcompletion":"Apr 24, 2016","defectlessfactor":0.0,"schedulefactor":0.0,"avgdefectperproject":0.0,"experiencefactor":0.0,"projectexperiencecount":0,"zainessscore":0.0,"sorting":0}]]', '[{"username":"roy1","nationality":"Singapore","currentprojectcount":0,"earlieststart":"Mar 7, 2016","estimateworkingday":20,"estimateday":28,"scheduleperformance":1.0,"estimatecompletion":"Apr 4, 2016","idealcompletion":"Apr 4, 2016","defectlessfactor":0.0,"schedulefactor":0.0,"avgdefectperproject":0.0,"experiencefactor":0.0,"projectexperiencecount":0,"zainessscore":0.0,"sorting":0}]', '(2) Association of Funeral Directors (AFDS)', 1, '2016-02-22 15:55:48'),
(12, '[[{"username":"bahri_ripplewerkz","nationality":"Indonesia","currentprojectcount":1,"earlieststart":"Mar 24, 2016","estimateworkingday":30,"estimateday":42,"scheduleperformance":1.0,"estimatecompletion":"May 5, 2016","idealcompletion":"May 5, 2016","defectlessfactor":0.0,"schedulefactor":0.0,"avgdefectperproject":0.0,"experiencefactor":0.0,"projectexperiencecount":0,"zainessscore":0.0,"sorting":1}],[{"username":"marsd","nationality":"Singapore","currentprojectcount":1,"earlieststart":"Apr 21, 2016","estimateworkingday":30,"estimateday":42,"scheduleperformance":1.0,"estimatecompletion":"Jun 2, 2016","idealcompletion":"Jun 2, 2016","defectlessfactor":0.0,"schedulefactor":0.0,"avgdefectperproject":0.0,"experiencefactor":0.0,"projectexperiencecount":0,"zainessscore":0.0,"sorting":1}],[{"username":"ballalist","nationality":"Thailand","currentprojectcount":1,"earlieststart":"May 10, 2016","estimateworkingday":30,"estimateday":42,"scheduleperformance":1.0,"estimatecompletion":"Jun 21, 2016","idealcompletion":"Jun 21, 2016","defectlessfactor":0.0,"schedulefactor":0.0,"avgdefectperproject":0.0,"experiencefactor":0.0,"projectexperiencecount":0,"zainessscore":0.0,"sorting":1}]]', '[{"username":"marsd","nationality":"Singapore","currentprojectcount":1,"earlieststart":"Apr 21, 2016","estimateworkingday":30,"estimateday":42,"scheduleperformance":1.0,"estimatecompletion":"Jun 2, 2016","idealcompletion":"Jun 2, 2016","defectlessfactor":0.0,"schedulefactor":0.0,"avgdefectperproject":0.0,"experiencefactor":0.0,"projectexperiencecount":0,"zainessscore":0.0,"sorting":1}]', '(2) My Singapore Food [CMS]', 1, '2016-02-22 15:57:46'),
(13, '[[{"username":"zripplewerkz","nationality":"Philippines","currentprojectcount":2,"earlieststart":"May 13, 2016","estimateworkingday":33,"estimateday":46,"scheduleperformance":1.0,"estimatecompletion":"Jun 28, 2016","idealcompletion":"Jun 28, 2016","defectlessfactor":0.0,"schedulefactor":0.0,"avgdefectperproject":0.0,"experiencefactor":0.0,"projectexperiencecount":0,"zainessscore":0.0,"sorting":1}],[{"username":"lesterjester","nationality":"Philippines","currentprojectcount":0,"earlieststart":"Mar 12, 2016","estimateworkingday":33,"estimateday":46,"scheduleperformance":1.0,"estimatecompletion":"Apr 27, 2016","idealcompletion":"Apr 27, 2016","defectlessfactor":0.0,"schedulefactor":0.0,"avgdefectperproject":0.0,"experiencefactor":0.0,"projectexperiencecount":0,"zainessscore":0.0,"sorting":1}],[{"username":"bahri_ripplewerkz","nationality":"Indonesia","currentprojectcount":2,"earlieststart":"May 6, 2016","estimateworkingday":33,"estimateday":46,"scheduleperformance":1.0,"estimatecompletion":"Jun 21, 2016","idealcompletion":"Jun 21, 2016","defectlessfactor":0.0,"schedulefactor":0.0,"avgdefectperproject":0.0,"experiencefactor":0.0,"projectexperiencecount":0,"zainessscore":0.0,"sorting":1}]]', '[{"username":"lesterjester","nationality":"Philippines","currentprojectcount":0,"earlieststart":"Mar 12, 2016","estimateworkingday":33,"estimateday":46,"scheduleperformance":1.0,"estimatecompletion":"Apr 27, 2016","idealcompletion":"Apr 27, 2016","defectlessfactor":0.0,"schedulefactor":0.0,"avgdefectperproject":0.0,"experiencefactor":0.0,"projectexperiencecount":0,"zainessscore":0.0,"sorting":1}]', '1036liveseafood.com [Design only]', 1, '2016-02-22 15:58:49'),
(14, '[[{"username":"lesterjester","nationality":"Philippines","currentprojectcount":0,"earlieststart":"Mar 17, 2016","estimateworkingday":34,"estimateday":47,"scheduleperformance":1.0,"estimatecompletion":"May 3, 2016","idealcompletion":"May 3, 2016","defectlessfactor":0.0,"schedulefactor":0.0,"avgdefectperproject":0.0,"experiencefactor":0.0,"projectexperiencecount":0,"zainessscore":0.0,"sorting":1}],[{"username":"marsd","nationality":"Singapore","currentprojectcount":1,"earlieststart":"Apr 21, 2016","estimateworkingday":34,"estimateday":47,"scheduleperformance":1.0,"estimatecompletion":"Jun 7, 2016","idealcompletion":"Jun 7, 2016","defectlessfactor":0.0,"schedulefactor":0.0,"avgdefectperproject":0.0,"experiencefactor":0.0,"projectexperiencecount":0,"zainessscore":0.0,"sorting":1}],[{"username":"ballalist","nationality":"Thailand","currentprojectcount":1,"earlieststart":"May 10, 2016","estimateworkingday":34,"estimateday":47,"scheduleperformance":1.0,"estimatecompletion":"Jun 26, 2016","idealcompletion":"Jun 26, 2016","defectlessfactor":0.0,"schedulefactor":0.0,"avgdefectperproject":0.0,"experiencefactor":0.0,"projectexperiencecount":0,"zainessscore":0.0,"sorting":1}]]', '[{"username":"marsd","nationality":"Singapore","currentprojectcount":1,"earlieststart":"Apr 21, 2016","estimateworkingday":34,"estimateday":47,"scheduleperformance":1.0,"estimatecompletion":"Jun 7, 2016","idealcompletion":"Jun 7, 2016","defectlessfactor":0.0,"schedulefactor":0.0,"avgdefectperproject":0.0,"experiencefactor":0.0,"projectexperiencecount":0,"zainessscore":0.0,"sorting":1}]', 'Abex Engineering [non-responsive CMS]', 1, '2016-02-22 15:59:53'),
(15, '[[{"username":"pukpik","nationality":"Thailand","currentprojectcount":0,"earlieststart":"Mar 19, 2016","estimateworkingday":43,"estimateday":60,"scheduleperformance":1.0,"estimatecompletion":"May 18, 2016","idealcompletion":"May 18, 2016","defectlessfactor":0.0,"schedulefactor":0.0,"avgdefectperproject":0.0,"experiencefactor":0.0,"projectexperiencecount":0,"zainessscore":0.0,"sorting":0}],[{"username":"benjo12","nationality":"Philippines","currentprojectcount":0,"earlieststart":"Mar 19, 2016","estimateworkingday":43,"estimateday":60,"scheduleperformance":1.0,"estimatecompletion":"May 18, 2016","idealcompletion":"May 18, 2016","defectlessfactor":0.0,"schedulefactor":0.0,"avgdefectperproject":0.0,"experiencefactor":0.0,"projectexperiencecount":0,"zainessscore":0.0,"sorting":0}],[{"username":"roy1","nationality":"Singapore","currentprojectcount":0,"earlieststart":"Mar 19, 2016","estimateworkingday":43,"estimateday":60,"scheduleperformance":1.0,"estimatecompletion":"May 18, 2016","idealcompletion":"May 18, 2016","defectlessfactor":0.0,"schedulefactor":0.0,"avgdefectperproject":0.0,"experiencefactor":0.0,"projectexperiencecount":0,"zainessscore":0.0,"sorting":0}]]', '[{"username":"benjo12","nationality":"Philippines","currentprojectcount":0,"earlieststart":"Mar 19, 2016","estimateworkingday":43,"estimateday":60,"scheduleperformance":1.0,"estimatecompletion":"May 18, 2016","idealcompletion":"May 18, 2016","defectlessfactor":0.0,"schedulefactor":0.0,"avgdefectperproject":0.0,"experiencefactor":0.0,"projectexperiencecount":0,"zainessscore":0.0,"sorting":0}]', 'HafBox', 1, '2016-02-22 16:00:42'),
(17, '[[{"username":"pukpik","nationality":"Thailand","currentprojectcount":1,"earlieststart":"May 19, 2016","estimateworkingday":14,"estimateday":19,"scheduleperformance":1.0,"estimatecompletion":"Jun 7, 2016","idealcompletion":"Jun 7, 2016","defectlessfactor":0.0,"schedulefactor":0.0,"avgdefectperproject":0.0,"experiencefactor":0.0,"projectexperiencecount":0,"zainessscore":0.0,"sorting":1}],[{"username":"benjo12","nationality":"Philippines","currentprojectcount":0,"earlieststart":"Mar 23, 2016","estimateworkingday":14,"estimateday":19,"scheduleperformance":1.0,"estimatecompletion":"Apr 11, 2016","idealcompletion":"Apr 11, 2016","defectlessfactor":0.0,"schedulefactor":0.0,"avgdefectperproject":0.0,"experiencefactor":0.0,"projectexperiencecount":0,"zainessscore":0.0,"sorting":1}],[{"username":"roy1","nationality":"Singapore","currentprojectcount":2,"earlieststart":"Apr 20, 2016","estimateworkingday":14,"estimateday":19,"scheduleperformance":1.0,"estimatecompletion":"May 9, 2016","idealcompletion":"May 9, 2016","defectlessfactor":0.0,"schedulefactor":0.0,"avgdefectperproject":0.0,"experiencefactor":0.0,"projectexperiencecount":0,"zainessscore":0.0,"sorting":1}]]', '[{"username":"benjo12","nationality":"Philippines","currentprojectcount":0,"earlieststart":"Mar 23, 2016","estimateworkingday":14,"estimateday":19,"scheduleperformance":1.0,"estimatecompletion":"Apr 11, 2016","idealcompletion":"Apr 11, 2016","defectlessfactor":0.0,"schedulefactor":0.0,"avgdefectperproject":0.0,"experiencefactor":0.0,"projectexperiencecount":0,"zainessscore":0.0,"sorting":1}]', 'WSTAR', 1, '2016-02-22 16:02:42'),
(18, '[[{"username":"debe2","nationality":"Indonesia","currentprojectcount":1,"earlieststart":"Apr 5, 2016","estimateworkingday":17,"estimateday":23,"scheduleperformance":1.0,"estimatecompletion":"Apr 28, 2016","idealcompletion":"Apr 28, 2016","defectlessfactor":0.0,"schedulefactor":0.0,"avgdefectperproject":0.0,"experiencefactor":0.0,"projectexperiencecount":0,"zainessscore":0.0,"sorting":0}],[{"username":"roy1","nationality":"Singapore","currentprojectcount":2,"earlieststart":"Apr 20, 2016","estimateworkingday":17,"estimateday":23,"scheduleperformance":1.0,"estimatecompletion":"May 13, 2016","idealcompletion":"May 13, 2016","defectlessfactor":0.0,"schedulefactor":0.0,"avgdefectperproject":0.0,"experiencefactor":0.0,"projectexperiencecount":0,"zainessscore":0.0,"sorting":0}],[{"username":"zripplewerkz","nationality":"Philippines","currentprojectcount":1,"earlieststart":"May 13, 2016","estimateworkingday":17,"estimateday":23,"scheduleperformance":1.0,"estimatecompletion":"Jun 5, 2016","idealcompletion":"Jun 5, 2016","defectlessfactor":0.0,"schedulefactor":0.0,"avgdefectperproject":0.0,"experiencefactor":0.0,"projectexperiencecount":0,"zainessscore":0.0,"sorting":0}]]', '[{"username":"roy1","nationality":"Singapore","currentprojectcount":2,"earlieststart":"Apr 20, 2016","estimateworkingday":17,"estimateday":23,"scheduleperformance":1.0,"estimatecompletion":"May 13, 2016","idealcompletion":"May 13, 2016","defectlessfactor":0.0,"schedulefactor":0.0,"avgdefectperproject":0.0,"experiencefactor":0.0,"projectexperiencecount":0,"zainessscore":0.0,"sorting":0}]', 'MINERVA - INTRA', 1, '2016-02-22 16:03:24'),
(19, '[[{"username":"marsd","nationality":"Singapore","currentprojectcount":1,"earlieststart":"Apr 21, 2016","estimateworkingday":30,"estimateday":42,"scheduleperformance":1.0,"estimatecompletion":"Jun 2, 2016","idealcompletion":"Jun 2, 2016","defectlessfactor":0.0,"schedulefactor":0.0,"avgdefectperproject":0.0,"experiencefactor":0.0,"projectexperiencecount":0,"zainessscore":0.0,"sorting":0}],[{"username":"lesterjester","nationality":"Philippines","currentprojectcount":1,"earlieststart":"May 4, 2016","estimateworkingday":30,"estimateday":42,"scheduleperformance":1.0,"estimatecompletion":"Jun 15, 2016","idealcompletion":"Jun 15, 2016","defectlessfactor":0.0,"schedulefactor":0.0,"avgdefectperproject":0.0,"experiencefactor":0.0,"projectexperiencecount":0,"zainessscore":0.0,"sorting":0}],[{"username":"ballalist","nationality":"Thailand","currentprojectcount":1,"earlieststart":"May 10, 2016","estimateworkingday":30,"estimateday":42,"scheduleperformance":1.0,"estimatecompletion":"Jun 21, 2016","idealcompletion":"Jun 21, 2016","defectlessfactor":0.0,"schedulefactor":0.0,"avgdefectperproject":0.0,"experiencefactor":0.0,"projectexperiencecount":0,"zainessscore":0.0,"sorting":0}]]', '[{"username":"lesterjester","nationality":"Philippines","currentprojectcount":1,"earlieststart":"May 4, 2016","estimateworkingday":30,"estimateday":42,"scheduleperformance":1.0,"estimatecompletion":"Jun 15, 2016","idealcompletion":"Jun 15, 2016","defectlessfactor":0.0,"schedulefactor":0.0,"avgdefectperproject":0.0,"experiencefactor":0.0,"projectexperiencecount":0,"zainessscore":0.0,"sorting":0}]', 'Maven [CMS Integration]', 1, '2016-02-22 16:04:39'),
(20, '[[{"username":"pukpik","nationality":"Thailand","currentprojectcount":1,"earlieststart":"May 19, 2016","estimateworkingday":36,"estimateday":50,"scheduleperformance":1.0,"estimatecompletion":"Jul 8, 2016","idealcompletion":"Jul 8, 2016","defectlessfactor":0.0,"schedulefactor":0.0,"avgdefectperproject":0.0,"experiencefactor":0.0,"projectexperiencecount":0,"zainessscore":0.0,"sorting":1}],[{"username":"benjo12","nationality":"Philippines","currentprojectcount":0,"earlieststart":"Apr 1, 2016","estimateworkingday":36,"estimateday":50,"scheduleperformance":1.0,"estimatecompletion":"May 21, 2016","idealcompletion":"May 21, 2016","defectlessfactor":0.0,"schedulefactor":0.0,"avgdefectperproject":0.0,"experiencefactor":0.0,"projectexperiencecount":0,"zainessscore":0.0,"sorting":1}],[{"username":"roy1","nationality":"Singapore","currentprojectcount":2,"earlieststart":"Apr 20, 2016","estimateworkingday":36,"estimateday":50,"scheduleperformance":1.0,"estimatecompletion":"Jun 9, 2016","idealcompletion":"Jun 9, 2016","defectlessfactor":0.0,"schedulefactor":0.0,"avgdefectperproject":0.0,"experiencefactor":0.0,"projectexperiencecount":0,"zainessscore":0.0,"sorting":1}]]', '[{"username":"benjo12","nationality":"Philippines","currentprojectcount":0,"earlieststart":"Apr 1, 2016","estimateworkingday":36,"estimateday":50,"scheduleperformance":1.0,"estimatecompletion":"May 21, 2016","idealcompletion":"May 21, 2016","defectlessfactor":0.0,"schedulefactor":0.0,"avgdefectperproject":0.0,"experiencefactor":0.0,"projectexperiencecount":0,"zainessscore":0.0,"sorting":1}]', 'All That Jazz [CMS]', 1, '2016-02-22 16:05:29'),
(21, '[[{"username":"pukpik","nationality":"Thailand","currentprojectcount":1,"earlieststart":"May 19, 2016","estimateworkingday":12,"estimateday":16,"scheduleperformance":1.0,"estimatecompletion":"Jun 4, 2016","idealcompletion":"Jun 4, 2016","defectlessfactor":0.0,"schedulefactor":0.0,"avgdefectperproject":0.0,"experiencefactor":0.0,"projectexperiencecount":0,"zainessscore":0.0,"sorting":1}],[{"username":"benjo12","nationality":"Philippines","currentprojectcount":0,"earlieststart":"Apr 4, 2016","estimateworkingday":12,"estimateday":16,"scheduleperformance":1.0,"estimatecompletion":"Apr 20, 2016","idealcompletion":"Apr 20, 2016","defectlessfactor":0.0,"schedulefactor":0.0,"avgdefectperproject":0.0,"experiencefactor":0.0,"projectexperiencecount":0,"zainessscore":0.0,"sorting":1}],[{"username":"roy1","nationality":"Singapore","currentprojectcount":2,"earlieststart":"Apr 20, 2016","estimateworkingday":12,"estimateday":16,"scheduleperformance":1.0,"estimatecompletion":"May 6, 2016","idealcompletion":"May 6, 2016","defectlessfactor":0.0,"schedulefactor":0.0,"avgdefectperproject":0.0,"experiencefactor":0.0,"projectexperiencecount":0,"zainessscore":0.0,"sorting":1}]]', '[{"username":"benjo12","nationality":"Philippines","currentprojectcount":0,"earlieststart":"Apr 4, 2016","estimateworkingday":12,"estimateday":16,"scheduleperformance":1.0,"estimatecompletion":"Apr 20, 2016","idealcompletion":"Apr 20, 2016","defectlessfactor":0.0,"schedulefactor":0.0,"avgdefectperproject":0.0,"experiencefactor":0.0,"projectexperiencecount":0,"zainessscore":0.0,"sorting":1}]', 'Fashmob (E-Commerce)', 1, '2016-02-22 16:06:16'),
(22, '[[{"username":"benjo12","nationality":"Philippines","currentprojectcount":0,"earlieststart":"Apr 7, 2016","estimateworkingday":23,"estimateday":32,"scheduleperformance":1.0,"estimatecompletion":"May 9, 2016","idealcompletion":"May 9, 2016","defectlessfactor":0.0,"schedulefactor":0.0,"avgdefectperproject":0.0,"experiencefactor":0.0,"projectexperiencecount":0,"zainessscore":0.0,"sorting":0}],[{"username":"chaisiri1","nationality":"Thailand","currentprojectcount":0,"earlieststart":"Apr 7, 2016","estimateworkingday":23,"estimateday":32,"scheduleperformance":1.0,"estimatecompletion":"May 9, 2016","idealcompletion":"May 9, 2016","defectlessfactor":0.0,"schedulefactor":0.0,"avgdefectperproject":0.0,"experiencefactor":0.0,"projectexperiencecount":0,"zainessscore":0.0,"sorting":0}],[{"username":"sirachon","nationality":"Thailand","currentprojectcount":0,"earlieststart":"Apr 7, 2016","estimateworkingday":23,"estimateday":32,"scheduleperformance":1.0,"estimatecompletion":"May 9, 2016","idealcompletion":"May 9, 2016","defectlessfactor":0.0,"schedulefactor":0.0,"avgdefectperproject":0.0,"experiencefactor":0.0,"projectexperiencecount":0,"zainessscore":0.0,"sorting":0}]]', '[{"username":"sirachon","nationality":"Thailand","currentprojectcount":0,"earlieststart":"Apr 7, 2016","estimateworkingday":23,"estimateday":32,"scheduleperformance":1.0,"estimatecompletion":"May 9, 2016","idealcompletion":"May 9, 2016","defectlessfactor":0.0,"schedulefactor":0.0,"avgdefectperproject":0.0,"experiencefactor":0.0,"projectexperiencecount":0,"zainessscore":0.0,"sorting":0}]', 'Sgwinecellar', 2, '2016-02-22 16:11:04'),
(23, '[[{"username":"pukpik","nationality":"Thailand","currentprojectcount":1,"earlieststart":"May 19, 2016","estimateworkingday":23,"estimateday":32,"scheduleperformance":1.0,"estimatecompletion":"Jun 20, 2016","idealcompletion":"Jun 20, 2016","defectlessfactor":0.0,"schedulefactor":0.0,"avgdefectperproject":0.0,"experiencefactor":0.0,"projectexperiencecount":0,"zainessscore":0.0,"sorting":1}],[{"username":"benjo12","nationality":"Philippines","currentprojectcount":0,"earlieststart":"Apr 16, 2016","estimateworkingday":23,"estimateday":32,"scheduleperformance":1.0,"estimatecompletion":"May 18, 2016","idealcompletion":"May 18, 2016","defectlessfactor":0.0,"schedulefactor":0.0,"avgdefectperproject":0.0,"experiencefactor":0.0,"projectexperiencecount":0,"zainessscore":0.0,"sorting":1}],[{"username":"roy1","nationality":"Singapore","currentprojectcount":2,"earlieststart":"Apr 20, 2016","estimateworkingday":23,"estimateday":32,"scheduleperformance":1.0,"estimatecompletion":"May 22, 2016","idealcompletion":"May 22, 2016","defectlessfactor":0.0,"schedulefactor":0.0,"avgdefectperproject":0.0,"experiencefactor":0.0,"projectexperiencecount":0,"zainessscore":0.0,"sorting":1}]]', '[{"username":"roy1","nationality":"Singapore","currentprojectcount":2,"earlieststart":"Apr 20, 2016","estimateworkingday":23,"estimateday":32,"scheduleperformance":1.0,"estimatecompletion":"May 22, 2016","idealcompletion":"May 22, 2016","defectlessfactor":0.0,"schedulefactor":0.0,"avgdefectperproject":0.0,"experiencefactor":0.0,"projectexperiencecount":0,"zainessscore":0.0,"sorting":1}]', 'Purely Adoption [CMS]', 2, '2016-02-22 16:14:20'),
(24, '[[{"username":"bahri_ripplewerkz","nationality":"Indonesia","currentprojectcount":1,"earlieststart":"May 6, 2016","estimateworkingday":12,"estimateday":16,"scheduleperformance":1.0,"estimatecompletion":"May 22, 2016","idealcompletion":"May 22, 2016","defectlessfactor":0.0,"schedulefactor":0.0,"avgdefectperproject":0.0,"experiencefactor":0.0,"projectexperiencecount":0,"zainessscore":0.0,"sorting":1}],[{"username":"marsd","nationality":"Singapore","currentprojectcount":1,"earlieststart":"Apr 21, 2016","estimateworkingday":12,"estimateday":16,"scheduleperformance":1.0,"estimatecompletion":"May 7, 2016","idealcompletion":"May 7, 2016","defectlessfactor":0.0,"schedulefactor":0.0,"avgdefectperproject":0.0,"experiencefactor":0.0,"projectexperiencecount":0,"zainessscore":0.0,"sorting":1}],[{"username":"ballalist","nationality":"Thailand","currentprojectcount":1,"earlieststart":"May 10, 2016","estimateworkingday":12,"estimateday":16,"scheduleperformance":1.0,"estimatecompletion":"May 26, 2016","idealcompletion":"May 26, 2016","defectlessfactor":0.0,"schedulefactor":0.0,"avgdefectperproject":0.0,"experiencefactor":0.0,"projectexperiencecount":0,"zainessscore":0.0,"sorting":1}]]', '[{"username":"ballalist","nationality":"Thailand","currentprojectcount":1,"earlieststart":"May 10, 2016","estimateworkingday":12,"estimateday":16,"scheduleperformance":1.0,"estimatecompletion":"May 26, 2016","idealcompletion":"May 26, 2016","defectlessfactor":0.0,"schedulefactor":0.0,"avgdefectperproject":0.0,"experiencefactor":0.0,"projectexperiencecount":0,"zainessscore":0.0,"sorting":1}]', 'KHG Collections', 2, '2016-02-22 16:20:49'),
(25, '[[{"username":"zripplewerkz","nationality":"Philippines","currentprojectcount":1,"earlieststart":"May 13, 2016","estimateworkingday":12,"estimateday":16,"scheduleperformance":1.0,"estimatecompletion":"May 29, 2016","idealcompletion":"May 29, 2016","defectlessfactor":0.0,"schedulefactor":0.0,"avgdefectperproject":0.0,"experiencefactor":0.0,"projectexperiencecount":0,"zainessscore":0.0,"sorting":1}],[{"username":"lesterjester","nationality":"Philippines","currentprojectcount":1,"earlieststart":"May 4, 2016","estimateworkingday":12,"estimateday":16,"scheduleperformance":1.0,"estimatecompletion":"May 20, 2016","idealcompletion":"May 20, 2016","defectlessfactor":0.0,"schedulefactor":0.0,"avgdefectperproject":0.0,"experiencefactor":0.0,"projectexperiencecount":0,"zainessscore":0.0,"sorting":1}],[{"username":"bahri_ripplewerkz","nationality":"Indonesia","currentprojectcount":1,"earlieststart":"May 6, 2016","estimateworkingday":12,"estimateday":16,"scheduleperformance":1.0,"estimatecompletion":"May 22, 2016","idealcompletion":"May 22, 2016","defectlessfactor":0.0,"schedulefactor":0.0,"avgdefectperproject":0.0,"experiencefactor":0.0,"projectexperiencecount":0,"zainessscore":0.0,"sorting":1}]]', '[{"username":"bahri_ripplewerkz","nationality":"Indonesia","currentprojectcount":1,"earlieststart":"May 6, 2016","estimateworkingday":12,"estimateday":16,"scheduleperformance":1.0,"estimatecompletion":"May 22, 2016","idealcompletion":"May 22, 2016","defectlessfactor":0.0,"schedulefactor":0.0,"avgdefectperproject":0.0,"experiencefactor":0.0,"projectexperiencecount":0,"zainessscore":0.0,"sorting":1}]', 'Robert Yam & Co [Logo Tracing + CMS + Responsive]', 2, '2016-02-22 16:31:46'),
(26, '[[{"username":"ballalist","nationality":"Thailand","currentprojectcount":1,"earlieststart":"May 10, 2016","estimateworkingday":23,"estimateday":32,"scheduleperformance":1.0,"estimatecompletion":"Jun 11, 2016","idealcompletion":"Jun 11, 2016","defectlessfactor":0.0,"schedulefactor":0.0,"avgdefectperproject":0.0,"experiencefactor":0.0,"projectexperiencecount":0,"zainessscore":0.0,"sorting":0}],[{"username":"lesterjester","nationality":"Philippines","currentprojectcount":1,"earlieststart":"May 21, 2016","estimateworkingday":23,"estimateday":32,"scheduleperformance":1.0,"estimatecompletion":"Jun 22, 2016","idealcompletion":"Jun 22, 2016","defectlessfactor":0.0,"schedulefactor":0.0,"avgdefectperproject":0.0,"experiencefactor":0.0,"projectexperiencecount":0,"zainessscore":0.0,"sorting":0}],[{"username":"marsd","nationality":"Singapore","currentprojectcount":2,"earlieststart":"Jun 3, 2016","estimateworkingday":23,"estimateday":32,"scheduleperformance":1.0,"estimatecompletion":"Jul 5, 2016","idealcompletion":"Jul 5, 2016","defectlessfactor":0.0,"schedulefactor":0.0,"avgdefectperproject":0.0,"experiencefactor":0.0,"projectexperiencecount":0,"zainessscore":0.0,"sorting":0}]]', '[{"username":"marsd","nationality":"Singapore","currentprojectcount":2,"earlieststart":"Jun 3, 2016","estimateworkingday":23,"estimateday":32,"scheduleperformance":1.0,"estimatecompletion":"Jul 5, 2016","idealcompletion":"Jul 5, 2016","defectlessfactor":0.0,"schedulefactor":0.0,"avgdefectperproject":0.0,"experiencefactor":0.0,"projectexperiencecount":0,"zainessscore":0.0,"sorting":0}]', '[Kayamila]', 2, '2016-02-22 16:38:52'),
(27, '[[{"username":"john_pajarillo","nationality":"Philippines","currentprojectcount":0,"earlieststart":"May 6, 2016","estimateworkingday":23,"estimateday":32,"scheduleperformance":1.0,"estimatecompletion":"Jun 7, 2016","idealcompletion":"Jun 7, 2016","defectlessfactor":0.0,"schedulefactor":0.0,"avgdefectperproject":0.0,"experiencefactor":0.0,"projectexperiencecount":0,"zainessscore":0.0,"sorting":0}],[{"username":"roy1","nationality":"Singapore","currentprojectcount":0,"earlieststart":"May 6, 2016","estimateworkingday":23,"estimateday":32,"scheduleperformance":1.0,"estimatecompletion":"Jun 7, 2016","idealcompletion":"Jun 7, 2016","defectlessfactor":0.0,"schedulefactor":0.0,"avgdefectperproject":0.0,"experiencefactor":0.0,"projectexperiencecount":0,"zainessscore":0.0,"sorting":0}],[{"username":"ballalist","nationality":"Thailand","currentprojectcount":1,"earlieststart":"May 10, 2016","estimateworkingday":23,"estimateday":32,"scheduleperformance":1.0,"estimatecompletion":"Jun 11, 2016","idealcompletion":"Jun 11, 2016","defectlessfactor":0.0,"schedulefactor":0.0,"avgdefectperproject":0.0,"experiencefactor":0.0,"projectexperiencecount":0,"zainessscore":0.0,"sorting":0}]]', '[{"username":"ballalist","nationality":"Thailand","currentprojectcount":1,"earlieststart":"May 10, 2016","estimateworkingday":23,"estimateday":32,"scheduleperformance":1.0,"estimatecompletion":"Jun 11, 2016","idealcompletion":"Jun 11, 2016","defectlessfactor":0.0,"schedulefactor":0.0,"avgdefectperproject":0.0,"experiencefactor":0.0,"projectexperiencecount":0,"zainessscore":0.0,"sorting":0}]', 'GAT [CMS + Responsive]', 2, '2016-02-22 16:39:54'),
(28, '[[{"username":"roy1","nationality":"Singapore","currentprojectcount":0,"earlieststart":"Jul 7, 2016","estimateworkingday":20,"estimateday":28,"scheduleperformance":1.0,"estimatecompletion":"Aug 4, 2016","idealcompletion":"Aug 4, 2016","defectlessfactor":0.0,"schedulefactor":0.0,"avgdefectperproject":0.0,"experiencefactor":0.0,"projectexperiencecount":0,"zainessscore":0.0,"sorting":1}],[{"username":"zripplewerkz","nationality":"Philippines","currentprojectcount":0,"earlieststart":"Jul 7, 2016","estimateworkingday":20,"estimateday":28,"scheduleperformance":1.0,"estimatecompletion":"Aug 4, 2016","idealcompletion":"Aug 4, 2016","defectlessfactor":0.0,"schedulefactor":0.0,"avgdefectperproject":0.0,"experiencefactor":0.0,"projectexperiencecount":0,"zainessscore":0.0,"sorting":1}],[{"username":"debe2","nationality":"Indonesia","currentprojectcount":1,"earlieststart":"Jul 28, 2016","estimateworkingday":20,"estimateday":28,"scheduleperformance":1.0,"estimatecompletion":"Aug 25, 2016","idealcompletion":"Aug 25, 2016","defectlessfactor":0.0,"schedulefactor":0.0,"avgdefectperproject":0.0,"experiencefactor":0.0,"projectexperiencecount":0,"zainessscore":0.0,"sorting":1}]]', '[{"username":"debe2","nationality":"Indonesia","currentprojectcount":1,"earlieststart":"Jul 28, 2016","estimateworkingday":20,"estimateday":28,"scheduleperformance":1.0,"estimatecompletion":"Aug 25, 2016","idealcompletion":"Aug 25, 2016","defectlessfactor":0.0,"schedulefactor":0.0,"avgdefectperproject":0.0,"experiencefactor":0.0,"projectexperiencecount":0,"zainessscore":0.0,"sorting":1}]', 'SeaCAD [Responsive + CMS + Event Espresso (Training Courses) + E-Commerce]', 2, '2016-02-22 16:41:04');









INSERT INTO `defect` (`defectid`, `projectname`, `defectname`, `description`, `reportby`, `updatetime`, `iscomplete`, `severity`, `duedate`, `assignto`) VALUES
(1, '(2) Association of Funeral Directors (AFDS)', 'Invalid Form Validation', 'Pls check ss', 'kaiwen12', '2016-02-22 19:09:55', 0, 1, '2016-02-26', 'alexadayandayan'),
(2, 'Full Black Heels [E-Commerce]', 'Form Nav Bar Tpe', 'Typo for "Contract me".', 'kaiwen12', '2016-02-22 20:24:19', 1, 2, '2016-03-02', 'debe2'),
(3, 'Fashmob (E-Commerce)', 'Form Mismatch Requirement', 'Pls check ss', 'kaiwen12', '2016-02-22 20:05:02', 0, 1, '2016-02-26', 'alexadayandayan'),
(4, 'Agape Methodist Church (Template + CMS Integration)', 'Validation Error', 'Error on date input validation', 'kaiwen12', '2016-02-22 19:23:50', 0, 2, '2016-02-27', 'marsd'),
(5, '(2) My Singapore Food [CMS]', 'Deadline404 error on ThaiFood.html on right nav', '404 error on ThaiFood.html on right nav', 'markconderw', '2016-02-22 20:22:20', 0, 2, '2016-03-10', 'bahri_ripplewerkz'),
(6, '(2) My Singapore Food [CMS]', 'Error Messages not clear', 'Client requires more specific error messages for their users. Also, some error messages are not showing', 'markconderw', '2016-02-22 20:23:52', 0, 3, '2016-02-26', 'debe2'),
(7, '(2) Association of Funeral Directors (AFDS)', 'Wordpress plugin out of date,', 'Please update wordpress plugin', 'markconderw', '2016-02-22 20:24:57', 0, 2, '2016-02-26', 'debe2'),
(8, 'SeaCAD [Responsive + CMS + Event Espresso (Training Courses) + E-Commerce]', 'Inventory not updating', 'Inventory not updating, Inventory in the commerce store does not update when it runs out of stock', 'markconderw', '2016-02-22 20:25:57', 0, 1, '2016-04-18', 'chaisiri1'),
(9, '1036liveseafood.com [Design only]', 'Image Transparency', 'Image Transparency, Support for transparent image for project view', 'markconderw', '2016-02-22 20:28:18', 0, 2, '2016-02-28', 'zripplewerkz'),
(10, 'First Energy [CMS]', 'Issue Key', 'New UI makes issue key very hard to select and copy paste', 'markconderw', '2016-02-22 20:30:48', 1, 1, '2016-03-25', 'debe2'),
(11, 'Purely Adoption [CMS]', 'CAPTCHA image link not working', 'CAPTCHA image link not working', 'markconderw', '2016-02-22 20:31:45', 0, 2, '2016-03-29', 'benjo12'),
(12, 'ENVI (eComm)', 'Google Translate API', 'Google Translate API, The api code broke down, Please update. Client needs the translation for website to perform business function', 'markconderw', '2016-02-22 20:32:27', 0, 2, '2016-03-22', 'debe2'),
(13, 'Flave - Vanitytriad [E-Commerce]', 'Image Thumbnail Issue', 'Image Thumbnail Issue, Thumbnail in JPEG break transparency in PNG/GIF', 'markconderw', '2016-02-22 20:33:03', 1, 2, '2016-03-18', 'zripplewerkz'),
(14, 'Agape Methodist Church (Template + CMS Integration)', 'Animation not showing', 'Animation not showing, Home page animation has broke, please check with slicing department before integrating', 'markconderw', '2016-02-22 20:34:09', 0, 1, '2016-04-15', 'marsd'),
(15, 'Fashmob (E-Commerce)', 'API Issue', 'API Issue, AXAA restful API  is  not stable', 'markconderw', '2016-02-22 20:35:34', 1, 2, '2016-04-14', 'pukpik'),
(16, 'Flave - Vanitytriad [E-Commerce]', 'JSON from hotel API', 'Bad JSON data coming back from hotel API', 'markconderw', '2016-02-22 20:36:07', 0, 2, '2016-04-12', 'zripplewerkz'),
(17, 'MINERVA - INTRA', 'Server config issue', 'After 10000 request, server will die', 'markconderw', '2016-02-22 20:37:27', 0, 2, '2016-04-14', 'debe2'),
(18, '(2) Association of Funeral Directors (AFDS)', 'Missing vote count,', 'Up voting counts should be displayed on the side', 'markconderw', '2016-02-22 20:46:24', 0, 2, '2016-02-29', 'pukpik'),
(19, 'Nachuraru [E-Commerce + CMS + Responsive]', 'Discount not showing', 'Customer tried to set discount but the discount is not shown', 'markconderw', '2016-02-22 20:52:12', 0, 2, '2016-03-08', 'roy1'),
(20, 'Full Black Heels [E-Commerce]', 'Inventory mixup', 'SKU and inventory ID does not match', 'markconderw', '2016-02-22 20:53:27', 1, 3, '2016-03-11', 'debe2'),
(21, 'ENVI (eComm)', 'Inventory image', 'Display pic for inventory not showing full size image', 'markconderw', '2016-02-22 20:54:46', 0, 1, '2016-03-19', 'debe2'),
(22, 'HafBox', 'Catalog', 'Catalog upload function not working', 'markconderw', '2016-02-22 20:55:45', 0, 3, '2016-03-17', 'pukpik'),
(23, 'Maven [CMS Integration]', 'Analytics Dashboard', 'Dashboard not displaying latest updates', 'markconderw', '2016-02-22 21:06:37', 0, 3, '2016-03-26', 'marsd'),
(24, '1036liveseafood.com [Design only]', 'Wordpress theme needs update', 'Please update wordpress plugins and themes for client as the old theme has errors in the UI', 'markconderw', '2016-02-22 21:07:18', 0, 3, '2016-03-26', 'zripplewerkz'),
(25, '(2) Association of Funeral Directors (AFDS)', 'Image Transparency', 'Support for transparent image for project view', 'markconderw', '2016-02-22 21:09:02', 0, 1, '2016-03-16', 'debe2');

INSERT INTO `defectcommitby` (`defectid`,`committedby`) VALUES 
(1,'alexadayandayan'),
(3,'alexadayandayan'),
(5,'bahri_ripplewerkz'),
(11,'benjo12'),
(8,'chaisiri1'),
(2,'debe2'),
(6,'debe2'),
(7,'debe2'),
(10,'debe2'),
(12,'debe2'),
(17,'debe2'),
(20,'debe2'),
(21,'debe2'),
(25,'debe2'),
(4,'marsd'),
(14,'marsd'),
(23,'marsd'),
(15,'pukpik'),
(18,'pukpik'),
(22,'pukpik'),
(19,'roy1'),
(9,'zripplewerkz'),
(13,'zripplewerkz'),
(16,'zripplewerkz'),
(24,'zripplewerkz'),
(24,'debe2');